"Data NuEer","bidder","house","date","lot","profit","payment","rank","target_price","ko_bid","est_min_dum","est_max_dum","catalog_price","catalog_du10y","est_min","est_max","grade_min","grade_max","no_grade","us","no_value","ringers","max_bid","ring_winner","highest_ringer","payer","receiver","avg_est","small_lots","ones"
1,1,"A",35360,217,150,-150,1,5200,8000,7000,9000,0,0,7000,9000,3,2,0,1,0,2,8000,0,0,0,1,8000,1,1
2,2,"A",35360,217,150,150,2,5200,5500,7000,9000,0,0,7000,9000,3,2,0,1,0,2,8000,1,1,1,0,8000,1,1
21,1,"A",35360,358,0,0,1,850,300,350,450,0,0,350,450,3,2,0,0,0,2,300,0,0,0,0,400,1,1
22,2,"A",35360,358,0,0,2,850,250,350,450,0,0,350,450,3,2,0,0,0,2,300,0,1,0,0,400,1,1
65,1,"A",35360,378,0,0,1,2900,2000,150,200,0,0,150,200,3,2,0,0,0,2,2000,0,0,0,0,175,1,1
66,2,"A",35360,378,0,0,2,2900,1500,150,200,0,0,150,200,3,2,0,0,0,2,2000,0,1,0,0,175,1,1
107,1,"A",35360,400,0,0,1,190,170,100,150,0,0,100,150,2,2,0,0,0,2,170,0,0,0,0,125,1,1
108,2,"A",35360,400,0,0,2,190,120,100,150,0,0,100,150,2,2,0,0,0,2,170,0,1,0,0,125,1,1
109,1,"A",35360,401,0,0,1,380,375,250,300,0,0,250,300,3,2,0,0,0,2,375,0,0,0,0,275,1,1
110,2,"A",35360,401,0,0,2,380,220,250,300,0,0,250,300,3,2,0,0,0,2,375,0,1,0,0,275,1,1
126,1,"A",35360,407,0,0,1,5800,6500,6000,8000,0,0,6000,8000,3,2,0,0,0,2,6500,0,0,0,0,7000,1,1
127,2,"A",35360,407,0,0,2,5800,3000,6000,8000,0,0,6000,8000,3,2,0,0,0,2,6500,1,1,0,0,7000,1,1
298,1,"B",35409,1909,45,-45,1,270,500,250,250,0,0,250,250,0,0,1,0,0,2,500,0,0,0,1,250,1,1
299,4,"B",35409,1909,45,45,2,270,360,250,250,0,0,250,250,0,0,1,0,0,2,500,1,1,1,0,250,1,1
332,4,"B",35409,1921,0,0,1,62,65,50,50,0,0,50,50,3,2,0,0,0,2,65,0,0,0,0,50,1,1
333,1,"B",35409,1921,0,0,2,62,35,50,50,0,0,50,50,3,2,0,0,0,2,65,1,1,0,0,50,1,1
355,1,"B",35409,1928,0,0,1,280,240,500,500,0,0,500,500,3,2,0,0,0,2,240,0,0,0,0,500,1,1
356,4,"B",35409,1928,0,0,2,280,200,500,500,0,0,500,500,3,2,0,0,0,2,240,0,1,0,0,500,1,1
357,1,"B",35409,1929,0,0,1,360,240,500,500,0,0,500,500,3,3,0,0,0,2,240,0,0,0,0,500,1,1
358,4,"B",35409,1929,0,0,2,360,220,500,500,0,0,500,500,3,3,0,0,0,2,240,0,1,0,0,500,1,1
370,5,"C",35404,1005,0,0,1,500,575,300,500,0,0,300,500,3,2,0,0,0,2,575,0,0,0,0,400,1,1
371,1,"C",35404,1005,0,0,2,500,450,300,500,0,0,300,500,3,2,0,0,0,2,575,1,1,0,0,400,1,1
419,1,"C",35404,1077,275,-275,1,950,1900,1500,2000,0,0,1500,2000,6,6,0,0,0,2,1900,0,0,0,1,1750,1,1
420,5,"C",35404,1077,275,275,2,950,1500,1500,2000,0,0,1500,2000,6,6,0,0,0,2,1900,1,1,1,0,1750,1,1
421,1,"C",35404,1079,62.5,-62.5,1,475,675,500,600,0,0,500,600,6,6,0,0,0,2,675,0,0,0,1,550,1,1
422,5,"C",35404,1079,62.5,62.5,2,475,600,500,600,0,0,500,600,6,6,0,0,0,2,675,1,1,1,0,550,1,1
433,1,"C",35404,1088,75,-75,1,450,750,200,300,0,0,200,300,6,6,0,0,0,2,750,0,0,0,1,250,1,1
434,3,"C",35404,1088,75,75,2,450,600,200,300,0,0,200,300,6,6,0,0,0,2,750,1,1,1,0,250,1,1
443,5,"C",35404,1094,37.5,-37.5,1,525,650,750,750,0,0,750,750,2,2,0,0,0,2,650,0,0,0,1,750,1,1
444,1,"C",35404,1094,37.5,37.5,2,525,600,750,750,0,0,750,750,2,2,0,0,0,2,650,1,1,1,0,750,1,1
446,1,"C",35404,1096,0,0,1,300,360,150,200,0,0,150,200,2,2,0,0,0,2,360,0,0,0,0,175,1,1
447,5,"C",35404,1096,0,0,2,300,275,150,200,0,0,150,200,2,2,0,0,0,2,360,1,1,0,0,175,1,1
448,1,"C",35404,1097,0,0,1,1000,1700,400,600,0,0,400,600,6,2,0,0,0,2,1700,0,0,0,0,500,1,1
449,6,"C",35404,1097,0,0,2,1000,800,400,600,0,0,400,600,6,2,0,0,0,2,1700,1,1,0,0,500,1,1
466,1,"C",35404,1102,175,-175,1,800,1350,750,1000,0,0,750,1000,6,6,0,0,0,2,1350,0,0,0,1,875,1,1
467,5,"C",35404,1102,175,175,2,800,1150,750,1000,0,0,750,1000,6,6,0,0,0,2,1350,1,1,1,0,875,1,1
522,5,"C",35404,1131,62.5,-62.5,1,400,700,400,500,0,0,400,500,6,2,0,0,0,2,700,0,0,0,1,450,1,1
523,1,"C",35404,1131,62.5,62.5,2,400,525,400,500,0,0,400,500,6,2,0,0,0,2,700,1,1,1,0,450,1,1
527,1,"C",35404,1133,0,0,1,750,1150,200,300,0,0,200,300,6,6,0,0,0,2,1150,0,0,0,0,250,1,1
528,5,"C",35404,1133,0,0,2,750,250,200,300,0,0,200,300,6,6,0,0,0,2,1150,1,1,0,0,250,1,1
533,5,"C",35404,1137,0,0,1,450,420,300,400,0,0,300,400,6,2,0,0,0,2,420,0,0,0,0,350,1,1
534,1,"C",35404,1137,0,0,2,450,300,300,400,0,0,300,400,6,2,0,0,0,2,420,0,1,0,0,350,1,1
535,1,"C",35404,1139,0,0,1,750,800,500,500,0,0,500,500,3,2,0,0,0,2,800,0,0,0,0,500,1,1
536,5,"C",35404,1139,0,0,2,750,630,500,500,0,0,500,500,3,2,0,0,0,2,800,1,1,0,0,500,1,1
537,1,"C",35404,1140,0,0,1,300,300,200,300,0,0,200,300,6,2,0,0,0,2,300,0,0,0,0,250,1,1
538,5,"C",35404,1140,0,0,2,300,150,200,300,0,0,200,300,6,2,0,0,0,2,300,1,1,0,0,250,1,1
539,1,"C",35404,1141,0,0,1,260,350,150,200,0,0,150,200,6,2,0,0,0,2,350,0,0,0,0,175,1,1
540,5,"C",35404,1141,0,0,2,260,100,150,200,0,0,150,200,6,2,0,0,0,2,350,1,1,0,0,175,1,1
553,3,"C",35404,1146,40,-40,1,170,360,250,350,0,0,250,350,3,2,0,0,0,2,360,0,0,0,1,300,1,1
554,1,"C",35404,1146,40,40,2,170,250,250,350,0,0,250,350,3,2,0,0,0,2,360,1,1,1,0,300,1,1
573,1,"C",35404,1151,0,0,1,500,500,200,400,0,0,200,400,6,6,0,0,0,2,500,0,0,0,0,300,1,1
574,5,"C",35404,1151,0,0,2,500,250,200,400,0,0,200,400,6,6,0,0,0,2,500,1,1,0,0,300,1,1
578,1,"C",35404,1153,262.5,-262.5,1,525,1700,750,750,0,0,750,750,6,6,0,0,0,2,1700,0,0,0,1,750,1,1
579,3,"C",35404,1153,262.5,262.5,2,525,1050,750,750,0,0,750,750,6,6,0,0,0,2,1700,1,1,1,0,750,1,1
580,1,"C",35404,1154,0,0,1,800,850,500,750,0,0,500,750,6,2,0,0,0,2,850,0,0,0,0,625,1,1
581,5,"C",35404,1154,0,0,2,800,600,500,750,0,0,500,750,6,2,0,0,0,2,850,1,1,0,0,625,1,1
582,1,"C",35404,1155,97.5,-97.5,1,425,900,400,600,0,0,400,600,6,6,0,0,0,2,900,0,0,0,1,500,1,1
583,3,"C",35404,1155,97.5,97.5,2,425,620,400,600,0,0,400,600,6,6,0,0,0,2,900,1,1,1,0,500,1,1
616,3,"C",35404,447,0,0,1,290,510,0,0,870,1,870,870,3,2,0,0,0,2,510,0,0,0,0,870,1,1
617,1,"C",35404,447,0,0,2,290,100,0,0,870,1,870,870,3,2,0,0,0,2,510,1,1,0,0,870,1,1
626,3,"C",35404,543,0,0,1,575,400,100,100,0,0,100,100,6,6,0,0,0,2,400,0,0,0,0,100,1,1
627,1,"C",35404,543,0,0,2,575,340,100,100,0,0,100,100,6,6,0,0,0,2,400,0,1,0,0,100,1,1
631,1,"C",35404,601,0,0,1,180,170,150,250,0,0,150,250,6,6,0,0,0,2,170,0,0,0,0,200,1,1
632,5,"C",35404,601,0,0,2,180,170,150,250,0,0,150,250,6,6,0,0,0,2,170,0,0,0,0,200,1,1
634,3,"C",35404,622,0,0,1,280,260,200,200,0,0,200,200,3,2,0,0,0,2,260,0,0,0,0,200,1,1
635,1,"C",35404,622,0,0,2,280,260,200,200,0,0,200,200,3,2,0,0,0,2,260,0,0,0,0,200,1,1
640,3,"C",35404,656,25,-25,1,450,800,300,500,0,0,300,500,6,6,0,0,0,2,800,0,0,0,1,400,1,1
641,1,"C",35404,656,25,25,2,450,500,300,500,0,0,300,500,6,6,0,0,0,2,800,1,1,1,0,400,1,1
642,1,"C",35404,669,0,0,1,18000,42500,10000,15000,0,0,10000,15000,0,0,1,0,0,2,42500,0,0,0,0,12500,0,1
643,2,"C",35404,669,0,0,2,18000,18000,10000,15000,0,0,10000,15000,0,0,1,0,0,2,42500,1,1,0,0,12500,0,1
646,6,"C",35404,699,25,-25,1,450,550,400,600,0,0,400,600,3,2,0,0,0,2,550,0,0,0,1,500,1,1
647,1,"C",35404,699,25,25,2,450,500,400,600,0,0,400,600,3,2,0,0,0,2,550,1,1,1,0,500,1,1
662,6,"C",35404,747,0,0,1,400,500,200,300,0,0,200,300,6,6,0,0,0,2,500,0,0,0,0,250,1,1
663,1,"C",35404,747,0,0,2,400,320,200,300,0,0,200,300,6,6,0,0,0,2,500,1,1,0,0,250,1,1
664,6,"C",35404,748,0,0,1,350,500,150,250,0,0,150,250,6,2,0,0,0,2,500,0,0,0,0,200,1,1
665,1,"C",35404,748,0,0,2,350,180,150,250,0,0,150,250,6,2,0,0,0,2,500,1,1,0,0,200,1,1
666,1,"C",35404,792,0,0,1,550,250,0,0,1150,1,1150,1150,5,3,0,0,0,2,250,0,0,0,0,1150,1,1
667,3,"C",35404,792,0,0,2,550,210,0,0,1150,1,1150,1150,5,3,0,0,0,2,250,0,1,0,0,1150,1,1
668,3,"C",35404,794,0,0,1,1100,450,0,0,1930,1,1930,1930,2,2,0,0,0,2,450,0,0,0,0,1930,1,1
669,1,"C",35404,794,0,0,2,1100,400,0,0,1930,1,1930,1930,2,2,0,0,0,2,450,0,1,0,0,1930,1,1
758,1,"C",35404,967,0,0,1,350,350,300,400,0,0,300,400,3,2,0,0,0,2,350,0,0,0,0,350,1,1
759,5,"C",35404,967,0,0,2,350,350,300,400,0,0,300,400,3,2,0,0,0,2,350,0,0,0,0,350,1,1
765,1,"C",35404,983,0,0,1,475,800,350,450,0,0,350,450,3,2,0,0,0,2,800,0,0,0,0,400,1,1
766,5,"C",35404,983,0,0,2,475,450,350,450,0,0,350,450,3,2,0,0,0,2,800,1,1,0,0,400,1,1
809,8,"C",35508,1024,0,0,1,375,950,300,400,0,0,300,400,6,2,0,1,0,2,950,0,0,0,0,350,1,1
810,1,"C",35508,1024,0,0,2,375,200,300,400,0,0,300,400,6,2,0,1,0,2,950,1,1,0,0,350,1,1
817,1,"C",35508,1026,0,0,1,1100,1050,1000,1200,0,0,1000,1200,2,2,0,1,0,2,1050,0,0,0,0,1100,1,1
818,2,"C",35508,1026,0,0,2,1100,700,1000,1200,0,0,1000,1200,2,2,0,1,0,2,1050,0,1,0,0,1100,1,1
829,1,"C",35508,1035,0,0,1,220,220,250,350,0,0,250,350,3,2,0,0,0,2,220,0,0,0,0,300,1,1
830,4,"C",35508,1035,0,0,2,220,120,250,350,0,0,250,350,3,2,0,0,0,2,220,1,1,0,0,300,1,1
868,1,"C",35508,1058,0,0,1,290,500,300,400,0,0,300,400,3,2,0,0,0,2,500,0,0,0,0,350,1,1
869,4,"C",35508,1058,0,0,2,290,250,300,400,0,0,300,400,3,2,0,0,0,2,500,1,1,0,0,350,1,1
875,1,"C",35508,1065,0,0,1,220,475,250,350,0,0,250,350,6,6,0,0,0,2,475,0,0,0,0,300,1,1
876,2,"C",35508,1065,0,0,2,220,200,250,350,0,0,250,350,6,6,0,0,0,2,475,1,1,0,0,300,1,1
917,7,"C",35508,1097,0,0,1,125,170,0,0,250,1,250,250,2,2,0,0,0,2,170,0,0,0,0,250,1,1
918,3,"C",35508,1097,0,0,2,125,40,0,0,250,1,250,250,2,2,0,0,0,2,170,1,1,0,0,250,1,1
1008,7,"C",35508,1166,0,0,1,900,500,0,0,1100,1,1100,1100,1,1,0,0,0,2,500,0,0,0,0,1100,1,1
1009,5,"C",35508,1166,0,0,2,900,450,0,0,1100,1,1100,1100,1,1,0,0,0,2,500,0,1,0,0,1100,1,1
1010,7,"C",35508,1167,0,0,1,750,500,0,0,1100,1,1100,1100,1,1,0,0,0,2,500,0,0,0,0,1100,1,1
1011,5,"C",35508,1167,0,0,2,750,450,0,0,1100,1,1100,1100,1,1,0,0,0,2,500,0,1,0,0,1100,1,1
1012,7,"C",35508,1168,0,0,1,900,850,0,0,1700,1,1700,1700,3,3,0,0,0,2,850,0,0,0,0,1700,1,1
1013,5,"C",35508,1168,0,0,2,900,750,0,0,1700,1,1700,1700,3,3,0,0,0,2,850,0,1,0,0,1700,1,1
1014,7,"C",35508,1169,0,0,1,1200,850,0,0,1700,1,1700,1700,1,1,0,0,0,2,850,0,0,0,0,1700,1,1
1015,5,"C",35508,1169,0,0,2,1200,750,0,0,1700,1,1700,1700,1,1,0,0,0,2,850,0,1,0,0,1700,1,1
1016,7,"C",35508,1170,0,0,1,1200,850,0,0,1700,1,1700,1700,1,1,0,0,0,2,850,0,0,0,0,1700,1,1
1017,5,"C",35508,1170,0,0,2,1200,750,0,0,1700,1,1700,1700,1,1,0,0,0,2,850,0,1,0,0,1700,1,1
1032,4,"C",35508,1182,0,0,1,375,340,500,600,0,0,500,600,3,2,0,0,0,2,340,0,0,0,0,550,1,1
1033,1,"C",35508,1182,0,0,2,375,260,500,600,0,0,500,600,3,2,0,0,0,2,340,0,1,0,0,550,1,1
1034,4,"C",35508,1183,0,0,1,800,990,0,0,4700,1,4700,4700,3,2,0,0,0,2,990,0,0,0,0,4700,1,1
1035,1,"C",35508,1183,0,0,2,800,380,0,0,4700,1,4700,4700,3,2,0,0,0,2,990,1,1,0,0,4700,1,1
1069,5,"C",35508,1198,12.5,-12.5,1,525,700,500,750,0,0,500,750,6,2,0,0,0,2,700,0,0,0,1,625,1,1
1070,1,"C",35508,1198,12.5,12.5,2,525,550,500,750,0,0,500,750,6,2,0,0,0,2,700,1,1,1,0,625,1,1
1078,2,"C",35508,1201,0,0,1,375,400,400,600,0,0,400,600,3,2,0,0,0,2,400,0,0,0,0,500,1,1
1079,1,"C",35508,1201,0,0,2,375,200,400,600,0,0,400,600,3,2,0,0,0,2,400,1,1,0,0,500,1,1
1082,1,"C",35508,1204,0,0,1,350,350,200,250,0,0,200,250,6,2,0,0,0,2,350,0,0,0,0,225,1,1
1083,4,"C",35508,1204,0,0,2,350,220,200,250,0,0,200,250,6,2,0,0,0,2,350,1,1,0,0,225,1,1
1084,4,"C",35508,1205,0,0,1,270,130,300,350,0,0,300,350,2,2,0,0,0,2,130,0,0,0,0,325,1,1
1085,1,"C",35508,1205,0,0,2,270,100,300,350,0,0,300,350,2,2,0,0,0,2,130,0,1,0,0,325,1,1
1463,3,"C",35508,395,0,0,1,3000,1400,250,350,0,0,250,350,6,6,0,0,0,2,1400,0,0,0,0,300,1,1
1464,7,"C",35508,395,0,0,2,3000,320,250,350,0,0,250,350,6,6,0,0,0,2,1400,0,1,0,0,300,1,1
1520,1,"C",35508,405,0,0,1,350,350,250,300,0,0,250,300,6,6,0,0,0,2,350,0,0,0,0,275,1,1
1521,3,"C",35508,405,0,0,2,350,240,250,300,0,0,250,300,6,6,0,0,0,2,350,1,1,0,0,275,1,1
1587,1,"C",35508,439,30,-30,1,240,325,150,250,0,0,150,250,3,2,0,0,0,2,325,0,0,0,1,200,1,1
1588,4,"C",35508,439,30,30,2,240,300,150,250,0,0,150,250,3,2,0,0,0,2,325,1,1,1,0,200,1,1
1593,5,"C",35508,447,0,0,1,2600,2500,0,0,7000,1,7000,7000,2,2,0,0,0,2,2500,0,0,0,0,7000,1,1
1594,3,"C",35508,447,0,0,2,2600,1100,0,0,7000,1,7000,7000,2,2,0,0,0,2,2500,0,1,0,0,7000,1,1
1597,5,"C",35508,450,0,0,1,950,750,0,0,754.25,1,754.25,754.25,3,2,0,0,0,2,750,0,0,0,0,754.25,1,1
1598,3,"C",35508,450,0,0,2,950,420,0,0,754.25,1,754.25,754.25,3,2,0,0,0,2,750,0,1,0,0,754.25,1,1
1907,9,"C",35508,68,0,0,1,230,220,0,0,525,1,525,525,3,3,0,1,0,2,220,0,0,0,0,525,1,1
1908,3,"C",35508,68,0,0,2,230,110,0,0,525,1,525,525,3,3,0,1,0,2,220,0,1,0,0,525,1,1
1927,9,"C",35508,69,0,0,1,220,220,0,0,525,1,525,525,3,3,0,1,0,2,220,0,0,0,0,525,1,1
1928,3,"C",35508,69,0,0,2,220,110,0,0,525,1,525,525,3,3,0,1,0,2,220,1,1,0,0,525,1,1
1932,9,"C",35508,70,0,0,1,220,220,0,0,525,1,525,525,3,3,0,1,0,2,220,0,0,0,0,525,1,1
1933,3,"C",35508,70,0,0,2,220,110,0,0,525,1,525,525,3,3,0,1,0,2,220,1,1,0,0,525,1,1
1937,9,"C",35508,71,0,0,1,210,220,0,0,525,1,525,525,3,3,0,1,0,2,220,0,0,0,0,525,1,1
1938,3,"C",35508,71,0,0,2,210,110,0,0,525,1,525,525,3,3,0,1,0,2,220,1,1,0,0,525,1,1
1951,9,"C",35508,72,0,0,1,210,220,0,0,525,1,525,525,3,3,0,1,0,2,220,0,0,0,0,525,1,1
1952,3,"C",35508,72,0,0,2,210,110,0,0,525,1,525,525,3,3,0,1,0,2,220,1,1,0,0,525,1,1
1955,9,"C",35508,73,0,0,1,210,220,0,0,525,1,525,525,3,3,0,1,0,2,220,0,0,0,0,525,1,1
1956,3,"C",35508,73,0,0,2,210,110,0,0,525,1,525,525,3,3,0,1,0,2,220,1,1,0,0,525,1,1
1960,9,"C",35508,74,0,0,1,210,220,0,0,525,1,525,525,3,3,0,1,0,2,220,0,0,0,0,525,1,1
1961,3,"C",35508,74,0,0,2,210,90,0,0,525,1,525,525,3,3,0,1,0,2,220,1,1,0,0,525,1,1
1973,9,"C",35508,75,0,0,1,160,220,0,0,525,1,525,525,3,3,0,1,0,2,220,0,0,0,0,525,1,1
1974,3,"C",35508,75,0,0,2,160,70,0,0,525,1,525,525,3,3,0,1,0,2,220,1,1,0,0,525,1,1
1976,9,"C",35508,76,0,0,1,180,170,0,0,425,1,425,425,2,2,0,1,0,2,170,0,0,0,0,425,1,1
1977,3,"C",35508,76,0,0,2,180,60,0,0,425,1,425,425,2,2,0,1,0,2,170,0,1,0,0,425,1,1
1990,3,"C",35508,809,0,0,1,160,140,0,0,200,1,200,200,1,1,0,0,0,2,140,0,0,0,0,200,1,1
1991,5,"C",35508,809,0,0,2,160,120,0,0,200,1,200,200,1,1,0,0,0,2,140,0,1,0,0,200,1,1
2004,9,"C",35508,84,0,0,1,650,600,0,0,2239.15,1,2239.15,2239.15,2,2,0,1,0,2,600,0,0,0,0,2239.15,1,1
2005,3,"C",35508,84,0,0,2,650,400,0,0,2239.15,1,2239.15,2239.15,2,2,0,1,0,2,600,0,1,0,0,2239.15,1,1
2007,9,"C",35508,85,0,0,1,650,600,0,0,2239.15,1,2239.15,2239.15,2,2,0,1,0,2,600,0,0,0,0,2239.15,1,1
2008,3,"C",35508,85,0,0,2,650,400,0,0,2239.15,1,2239.15,2239.15,2,2,0,1,0,2,600,0,1,0,0,2239.15,1,1
2018,3,"C",35508,865,0,0,1,125,210,0,0,150,1,150,150,0,0,1,0,0,2,210,0,0,0,0,150,1,1
2019,5,"C",35508,865,0,0,2,125,120,0,0,150,1,150,150,0,0,1,0,0,2,210,1,1,0,0,150,1,1
2027,6,"C",35508,868,0,0,1,750,375,300,400,0,0,300,400,6,6,0,0,0,2,375,0,0,0,0,350,1,1
2028,4,"C",35508,868,0,0,2,750,240,300,400,0,0,300,400,6,6,0,0,0,2,375,0,1,0,0,350,1,1
2029,3,"C",35508,869,0,0,1,200,170,200,250,0,0,200,250,3,2,0,0,0,2,170,0,0,0,0,225,1,1
2030,4,"C",35508,869,0,0,2,200,75,200,250,0,0,200,250,3,2,0,0,0,2,170,0,1,0,0,225,1,1
2066,9,"C",35508,91,0,0,1,950,800,0,0,1675,1,1675,1675,2,2,0,1,0,2,800,0,0,0,0,1675,1,1
2067,3,"C",35508,91,0,0,2,950,610,0,0,1675,1,1675,1675,2,2,0,1,0,2,800,0,1,0,0,1675,1,1
2074,4,"C",35508,914,0,0,1,1800,1700,2000,2000,0,0,2000,2000,3,2,0,0,0,2,1700,0,0,0,0,2000,1,1
2075,1,"C",35508,914,0,0,2,1800,1000,2000,2000,0,0,2000,2000,3,2,0,0,0,2,1700,0,1,0,0,2000,1,1
2080,9,"C",35508,92,0,0,1,800,800,0,0,1675,1,1675,1675,3,2,0,1,0,2,800,0,0,0,0,1675,1,1
2081,3,"C",35508,92,0,0,2,800,510,0,0,1675,1,1675,1675,3,2,0,1,0,2,800,1,1,0,0,1675,1,1
2121,2,"C",35508,940,0,0,1,900,900,0,0,0,1,0,0,2,2,0,0,1,2,900,0,0,0,0,0,1,1
2122,1,"C",35508,940,0,0,2,900,290,0,0,0,1,0,0,2,2,0,0,1,2,900,1,1,0,0,0,1,1
2137,9,"C",35508,96,0,0,1,325,400,0,0,850,1,850,850,3,3,0,1,0,2,400,0,0,0,0,850,1,1
2138,3,"C",35508,96,0,0,2,325,180,0,0,850,1,850,850,3,3,0,1,0,2,400,1,1,0,0,850,1,1
2157,6,"C",35508,972,0,0,1,600,600,300,500,0,0,300,500,3,3,0,0,0,2,600,0,0,0,0,400,1,1
2158,4,"C",35508,972,0,0,2,600,490,300,500,0,0,300,500,3,3,0,0,0,2,600,1,1,0,0,400,1,1
2168,1,"C",35508,976,0,0,1,325,350,200,300,0,0,200,300,6,6,0,0,0,2,350,0,0,0,0,250,1,1
2169,5,"C",35508,976,0,0,2,325,230,200,300,0,0,200,300,6,6,0,0,0,2,350,1,1,0,0,250,1,1
2193,1,"D",35412,1001,0,0,1,1500,1350,1500,2000,0,0,1500,2000,3,2,0,0,0,2,1350,0,0,0,0,1750,1,1
2194,2,"D",35412,1001,0,0,2,1500,1000,1500,2000,0,0,1500,2000,3,2,0,0,0,2,1350,0,1,0,0,1750,1,1
2211,5,"D",35412,1021,0,0,1,350,375,0,0,477.5,1,477.5,477.5,2,1,0,0,0,2,375,0,0,0,0,477.5,1,1
2212,1,"D",35412,1021,0,0,2,350,300,0,0,477.5,1,477.5,477.5,2,1,0,0,0,2,375,1,1,0,0,477.5,1,1
2213,5,"D",35412,1022,0,0,1,260,320,0,0,486.5,1,486.5,486.5,1,1,0,0,0,2,320,0,0,0,0,486.5,1,1
2214,1,"D",35412,1022,0,0,2,260,240,0,0,486.5,1,486.5,486.5,1,1,0,0,0,2,320,1,1,0,0,486.5,1,1
2215,5,"D",35412,1023,0,0,1,350,450,0,0,900,1,900,900,2,2,0,0,0,2,450,0,0,0,0,900,1,1
2216,1,"D",35412,1023,0,0,2,350,220,0,0,900,1,900,900,2,2,0,0,0,2,450,1,1,0,0,900,1,1
2217,5,"D",35412,1024,0,0,1,800,1050,0,0,1790,1,1790,1790,1,1,0,0,0,2,1050,0,0,0,0,1790,1,1
2218,1,"D",35412,1024,0,0,2,800,700,0,0,1790,1,1790,1790,1,1,0,0,0,2,1050,1,1,0,0,1790,1,1
2219,5,"D",35412,1025,0,0,1,150,200,0,0,219,1,219,219,1,1,0,0,0,2,200,0,0,0,0,219,1,1
2220,1,"D",35412,1025,0,0,2,150,110,0,0,219,1,219,219,1,1,0,0,0,2,200,1,1,0,0,219,1,1
2221,5,"D",35412,1026,0,0,1,240,325,0,0,411.5,1,411.5,411.5,1,1,0,0,0,2,325,0,0,0,0,411.5,1,1
2222,1,"D",35412,1026,0,0,2,240,210,0,0,411.5,1,411.5,411.5,1,1,0,0,0,2,325,1,1,0,0,411.5,1,1
2238,1,"D",35412,1088,0,0,1,2200,2200,2000,3000,0,0,2000,3000,3,2,0,0,0,2,2200,0,0,0,0,2500,1,1
2239,2,"D",35412,1088,0,0,2,2200,1600,2000,3000,0,0,2000,3000,3,2,0,0,0,2,2200,1,1,0,0,2500,1,1
2268,2,"D",35412,1124,0,0,1,900,550,750,1000,0,0,750,1000,2,2,0,0,0,2,550,0,0,0,0,875,1,1
2269,1,"D",35412,1124,0,0,2,900,500,750,1000,0,0,750,1000,2,2,0,0,0,2,550,0,1,0,0,875,1,1
2274,2,"D",35412,1127,0,0,1,700,900,400,500,0,0,400,500,3,2,0,0,0,2,900,0,0,0,0,450,1,1
2275,1,"D",35412,1127,0,0,2,700,650,400,500,0,0,400,500,3,2,0,0,0,2,900,1,1,0,0,450,1,1
2276,1,"D",35412,1129,0,0,1,2100,2100,2000,3000,0,0,2000,3000,3,2,0,0,0,2,2100,0,0,0,0,2500,1,1
2277,2,"D",35412,1129,0,0,2,2100,1600,2000,3000,0,0,2000,3000,3,2,0,0,0,2,2100,1,1,0,0,2500,1,1
2286,2,"D",35412,1134,0,0,1,1050,1150,1000,1500,0,0,1000,1500,3,2,0,0,0,2,1150,0,0,0,0,1250,1,1
2287,4,"D",35412,1134,0,0,2,1050,1050,1000,1500,0,0,1000,1500,3,2,0,0,0,2,1150,1,1,0,0,1250,1,1
2295,4,"D",35412,1137,0,0,1,600,475,500,750,0,0,500,750,0,0,1,0,0,2,475,0,0,0,0,625,1,1
2296,2,"D",35412,1137,0,0,2,600,450,500,750,0,0,500,750,0,0,1,0,0,2,475,0,1,0,0,625,1,1
2304,1,"D",35412,1141,0,0,1,325,350,300,400,0,0,300,400,3,2,0,0,0,2,350,0,0,0,0,350,1,1
2305,2,"D",35412,1141,0,0,2,325,225,300,400,0,0,300,400,3,2,0,0,0,2,350,1,1,0,0,350,1,1
2314,1,"D",35412,1147,0,0,1,1000,1000,500,750,0,0,500,750,3,2,0,0,0,2,1000,0,0,0,0,625,1,1
2315,6,"D",35412,1147,0,0,2,1000,850,500,750,0,0,500,750,3,2,0,0,0,2,1000,1,1,0,0,625,1,1
2331,6,"D",35412,1154,0,0,1,3000,7000,2000,3000,0,0,2000,3000,3,2,0,0,0,2,7000,0,0,0,0,2500,1,1
2332,1,"D",35412,1154,0,0,2,3000,2900,2000,3000,0,0,2000,3000,3,2,0,0,0,2,7000,1,1,0,0,2500,1,1
2333,2,"D",35412,1155,0,0,1,1900,1800,1500,2000,0,0,1500,2000,3,2,0,0,0,2,1800,0,0,0,0,1750,1,1
2334,1,"D",35412,1155,0,0,2,1900,1500,1500,2000,0,0,1500,2000,3,2,0,0,0,2,1800,0,1,0,0,1750,1,1
2338,2,"D",35412,1157,0,0,1,270,200,200,300,0,0,200,300,3,2,0,0,0,2,200,0,0,0,0,250,1,1
2339,1,"D",35412,1157,0,0,2,270,160,200,300,0,0,200,300,3,2,0,0,0,2,200,0,1,0,0,250,1,1
2340,2,"D",35412,1158,0,0,1,850,850,500,750,0,0,500,750,3,2,0,0,0,2,850,0,0,0,0,625,1,1
2341,1,"D",35412,1158,0,0,2,850,700,500,750,0,0,500,750,3,2,0,0,0,2,850,1,1,0,0,625,1,1
2342,1,"D",35412,1159,0,0,1,675,600,500,750,0,0,500,750,3,2,0,0,0,2,600,0,0,0,0,625,1,1
2343,2,"D",35412,1159,0,0,2,675,575,500,750,0,0,500,750,3,2,0,0,0,2,600,0,1,0,0,625,1,1
2344,2,"D",35412,1160,0,0,1,800,725,750,1000,0,0,750,1000,2,2,0,0,0,2,725,0,0,0,0,875,1,1
2345,1,"D",35412,1160,0,0,2,800,600,750,1000,0,0,750,1000,2,2,0,0,0,2,725,0,1,0,0,875,1,1
2348,2,"D",35412,1164,0,0,1,600,750,500,750,0,0,500,750,3,2,0,0,0,2,750,0,0,0,0,625,1,1
2349,1,"D",35412,1164,0,0,2,600,500,500,750,0,0,500,750,3,2,0,0,0,2,750,1,1,0,0,625,1,1
2350,1,"D",35412,1165,0,0,1,1100,650,400,500,0,0,400,500,2,2,0,0,0,2,650,0,0,0,0,450,1,1
2351,2,"D",35412,1165,0,0,2,1100,600,400,500,0,0,400,500,2,2,0,0,0,2,650,0,1,0,0,450,1,1
2363,2,"D",35412,1170,0,0,1,1100,1100,500,750,0,0,500,750,3,2,0,0,0,2,1100,0,0,0,0,625,1,1
2364,1,"D",35412,1170,0,0,2,1100,800,500,750,0,0,500,750,3,2,0,0,0,2,1100,1,1,0,0,625,1,1
2365,2,"D",35412,1171,87.5,-87.5,1,525,750,300,400,0,0,300,400,6,6,0,0,0,2,750,0,0,0,1,350,1,1
2366,1,"D",35412,1171,87.5,87.5,2,525,700,300,400,0,0,300,400,6,6,0,0,0,2,750,1,1,1,0,350,1,1
2367,1,"D",35412,1172,0,0,1,550,550,500,750,0,0,500,750,3,2,0,0,0,2,550,0,0,0,0,625,1,1
2368,2,"D",35412,1172,0,0,2,550,475,500,750,0,0,500,750,3,2,0,0,0,2,550,1,1,0,0,625,1,1
2374,6,"D",35412,1177,425,-425,1,550,1500,750,1000,0,0,750,1000,0,0,1,0,0,2,1500,0,0,0,1,875,1,1
2375,1,"D",35412,1177,425,425,2,550,1400,750,1000,0,0,750,1000,0,0,1,0,0,2,1500,1,1,1,0,875,1,1
2387,4,"D",35412,1181,0,0,1,750,625,0,0,1050.679732,1,1050.679732,1050.679732,2,2,0,0,0,2,625,0,0,0,0,1050.679732,1,1
2388,2,"D",35412,1181,0,0,2,750,600,0,0,1050.679732,1,1050.679732,1050.679732,2,2,0,0,0,2,625,0,1,0,0,1050.679732,1,1
2392,4,"D",35412,1183,0,0,1,2000,2800,750,1000,0,0,750,1000,0,0,1,0,0,2,2800,0,0,0,0,875,1,1
2393,1,"D",35412,1183,0,0,2,2000,1100,750,1000,0,0,750,1000,0,0,1,0,0,2,2800,1,1,0,0,875,1,1
2394,4,"D",35412,1184,0,0,1,1000,950,500,750,0,0,500,750,0,0,1,0,0,2,950,0,0,0,0,625,1,1
2395,1,"D",35412,1184,0,0,2,1000,480,500,750,0,0,500,750,0,0,1,0,0,2,950,0,1,0,0,625,1,1
2401,6,"D",35412,1187,125,-125,1,600,1000,500,750,0,0,500,750,6,6,0,0,0,2,1000,0,0,0,1,625,1,1
2402,1,"D",35412,1187,125,125,2,600,850,500,750,0,0,500,750,6,6,0,0,0,2,1000,1,1,1,0,625,1,1
2403,6,"D",35412,1188,0,0,1,1250,1200,1000,1500,0,0,1000,1500,3,2,0,0,0,2,1200,0,0,0,0,1250,1,1
2404,1,"D",35412,1188,0,0,2,1250,900,1000,1500,0,0,1000,1500,3,2,0,0,0,2,1200,0,1,0,0,1250,1,1
2411,4,"D",35412,1193,0,0,1,450,450,300,400,0,0,300,400,3,2,0,0,0,2,450,0,0,0,0,350,1,1
2412,1,"D",35412,1193,0,0,2,450,200,300,400,0,0,300,400,3,2,0,0,0,2,450,1,1,0,0,350,1,1
2413,6,"D",35412,1194,0,0,1,750,700,500,750,0,0,500,750,3,2,0,0,0,2,700,0,0,0,0,625,1,1
2414,1,"D",35412,1194,0,0,2,750,650,500,750,0,0,500,750,3,2,0,0,0,2,700,0,1,0,0,625,1,1
2444,6,"D",35412,1207,25,-25,1,950,1100,1000,1500,0,0,1000,1500,3,2,0,0,0,2,1100,0,0,0,1,1250,1,1
2445,1,"D",35412,1207,25,25,2,950,1000,1000,1500,0,0,1000,1500,3,2,0,0,0,2,1100,1,1,1,0,1250,1,1
2446,1,"D",35412,1208,0,0,1,650,500,400,500,0,0,400,500,3,2,0,0,0,2,500,0,0,0,0,450,1,1
2447,2,"D",35412,1208,0,0,2,650,400,400,500,0,0,400,500,3,2,0,0,0,2,500,0,1,0,0,450,1,1
2490,10,"E",35470,103,0,0,1,800,800,500,750,0,0,500,750,0,0,1,1,0,2,800,0,0,0,0,625,1,1
2491,2,"E",35470,103,0,0,2,800,600,500,750,0,0,500,750,0,0,1,1,0,2,800,1,1,0,0,625,1,1
2508,9,"E",35470,110,0,0,1,750,750,500,750,0,0,500,750,0,0,1,1,0,2,750,0,0,0,0,625,1,1
2509,7,"E",35470,110,0,0,2,750,700,500,750,0,0,500,750,0,0,1,1,0,2,750,1,1,0,0,625,1,1
2510,7,"E",35470,111,87.5,-87.5,1,325,550,400,450,0,0,400,450,3,2,0,0,0,2,550,0,0,0,1,425,1,1
2511,9,"E",35470,111,87.5,87.5,2,325,500,400,450,0,0,400,450,3,2,0,0,0,2,550,1,1,1,0,425,1,1
2524,9,"E",35470,116,50,-50,1,400,500,0,0,2500,1,2500,2500,3,3,0,0,0,2,500,0,0,0,1,2500,1,1
2525,7,"E",35470,116,50,50,2,400,500,0,0,2500,1,2500,2500,3,3,0,0,0,2,500,0,0,1,0,2500,1,1
2541,9,"E",35470,121,0,0,1,3500,6000,2000,3000,0,0,2000,3000,0,0,1,0,0,2,6000,0,0,0,0,2500,1,1
2542,3,"E",35470,121,0,0,2,3500,2400,2000,3000,0,0,2000,3000,0,0,1,0,0,2,6000,1,1,0,0,2500,1,1
2979,4,"E",35470,194,0,0,1,2500,2500,1500,2000,0,0,1500,2000,0,0,1,0,0,2,2500,0,0,0,0,1750,1,1
2980,3,"E",35470,194,0,0,2,2500,1200,1500,2000,0,0,1500,2000,0,0,1,0,0,2,2500,1,1,0,0,1750,1,1
3094,9,"E",35470,215,0,0,1,325,300,300,400,0,0,300,400,2,2,0,0,0,2,300,0,0,0,0,350,1,1
3095,1,"E",35470,215,0,0,2,325,150,300,400,0,0,300,400,2,2,0,0,0,2,300,0,1,0,0,350,1,1
3893,3,"F1",35356,2807,0,0,1,2400,700,600,800,0,0,600,800,3,3,0,0,0,2,700,0,0,0,0,700,1,1
3894,1,"F1",35356,2807,0,0,2,2400,600,600,800,0,0,600,800,3,3,0,0,0,2,700,0,1,0,0,700,1,1
3900,3,"F1",35356,2814,0,0,1,170,150,100,150,0,0,100,150,3,3,0,0,0,2,150,0,0,0,0,125,1,1
3901,4,"F1",35356,2814,0,0,2,170,120,100,150,0,0,100,150,3,3,0,0,0,2,150,0,1,0,0,125,1,1
3936,4,"F1",35356,2826,0,0,1,230,220,80,100,0,0,80,100,3,2,0,0,0,2,220,0,0,0,0,90,1,1
3937,1,"F1",35356,2826,0,0,2,230,200,80,100,0,0,80,100,3,2,0,0,0,2,220,0,1,0,0,90,1,1
3944,11,"F1",35356,2829,0,0,1,230,250,0,0,744,1,744,744,3,2,0,0,0,2,250,0,0,0,0,744,1,1
3945,1,"F1",35356,2829,0,0,2,230,110,0,0,744,1,744,744,3,2,0,0,0,2,250,1,1,0,0,744,1,1
3946,11,"F1",35356,2830,0,0,1,1700,1500,2500,3500,0,0,2500,3500,2,2,0,0,0,2,1500,0,0,0,0,3000,1,1
3947,1,"F1",35356,2830,0,0,2,1700,1300,2500,3500,0,0,2500,3500,2,2,0,0,0,2,1500,0,1,0,0,3000,1,1
3948,4,"F1",35356,2831,0,0,1,1600,2300,600,800,0,0,600,800,3,2,0,0,0,2,2300,0,0,0,0,700,1,1
3949,3,"F1",35356,2831,0,0,2,1600,1200,600,800,0,0,600,800,3,2,0,0,0,2,2300,1,1,0,0,700,1,1
3950,3,"F1",35356,2833,0,0,1,1000,600,300,500,0,0,300,500,3,2,0,0,0,2,600,0,0,0,0,400,1,1
3951,1,"F1",35356,2833,0,0,2,1000,400,300,500,0,0,300,500,3,2,0,0,0,2,600,0,1,0,0,400,1,1
3963,1,"F1",35356,2837,0,0,1,400,220,250,300,0,0,250,300,3,2,0,0,0,2,220,0,0,0,0,275,1,1
3964,4,"F1",35356,2837,0,0,2,400,90,250,300,0,0,250,300,3,2,0,0,0,2,220,0,1,0,0,275,1,1
3980,5,"F1",35356,2841,0,0,1,8500,5200,5000,6000,0,0,5000,6000,3,2,0,0,0,2,5200,0,0,0,0,5500,1,1
3981,1,"F1",35356,2841,0,0,2,8500,5000,5000,6000,0,0,5000,6000,3,2,0,0,0,2,5200,0,1,0,0,5500,1,1
4003,3,"F1",35500,1042,0,0,1,280,310,0,0,1462,1,1462,1462,3,2,0,0,0,2,310,0,0,0,0,1462,1,1
4004,1,"F1",35500,1042,0,0,2,280,250,0,0,1462,1,1462,1462,3,2,0,0,0,2,310,1,1,0,0,1462,1,1
4005,4,"F1",35500,1043,0,0,1,6000,2200,1000,1500,0,0,1000,1500,3,2,0,0,0,2,2200,0,0,0,0,1250,1,1
4006,6,"F1",35500,1043,0,0,2,6000,1300,1000,1500,0,0,1000,1500,3,2,0,0,0,2,2200,0,1,0,0,1250,1,1
4007,3,"F1",35500,1044,0,0,1,400,400,300,500,0,0,300,500,0,0,1,0,0,2,400,0,0,0,0,400,1,1
4008,1,"F1",35500,1044,0,0,2,400,380,300,500,0,0,300,500,0,0,1,0,0,2,400,1,1,0,0,400,1,1
4028,3,"F1",35500,1052,0,0,1,1300,1050,1000,1500,0,0,1000,1500,3,3,0,0,0,2,1050,0,0,0,0,1250,1,1
4029,2,"F1",35500,1052,0,0,2,1300,700,1000,1500,0,0,1000,1500,3,3,0,0,0,2,1050,0,1,0,0,1250,1,1
4031,3,"F1",35500,1083,0,0,1,625,620,150,200,0,0,150,200,3,2,0,0,0,2,620,0,0,0,0,175,1,1
4032,2,"F1",35500,1083,0,0,2,625,400,150,200,0,0,150,200,3,2,0,0,0,2,620,0,1,0,0,175,1,1
4041,5,"F1",35500,1122,0,0,1,750,400,0,0,934,1,934,934,3,2,0,0,0,2,400,0,0,0,0,934,1,1
4042,3,"F1",35500,1122,0,0,2,750,180,0,0,934,1,934,934,3,2,0,0,0,2,400,0,1,0,0,934,1,1
4043,5,"F1",35500,1124,0,0,1,750,600,0,0,1250,1,1250,1250,2,2,0,0,0,2,600,0,0,0,0,1250,1,1
4044,3,"F1",35500,1124,0,0,2,750,600,0,0,1250,1,1250,1250,2,2,0,0,0,2,600,0,0,0,0,1250,1,1
4045,5,"F1",35500,1126,0,0,1,230,220,0,0,400,1,400,400,2,2,0,0,0,2,220,0,0,0,0,400,1,1
4046,3,"F1",35500,1126,0,0,2,230,130,0,0,400,1,400,400,2,2,0,0,0,2,220,0,1,0,0,400,1,1
4047,3,"F1",35500,1127,0,0,1,425,410,0,0,750,1,750,750,2,2,0,0,0,2,410,0,0,0,0,750,1,1
4048,5,"F1",35500,1127,0,0,2,425,220,0,0,750,1,750,750,2,2,0,0,0,2,410,0,1,0,0,750,1,1
4049,5,"F1",35500,1138,0,0,1,675,675,0,0,1630,1,1630,1630,3,2,0,0,0,2,675,0,0,0,0,1630,1,1
4050,3,"F1",35500,1138,0,0,2,675,350,0,0,1630,1,1630,1630,3,2,0,0,0,2,675,1,1,0,0,1630,1,1
4143,1,"F1",35500,1179,0,0,1,1250,1150,1500,2000,0,0,1500,2000,2,2,0,0,0,2,1150,0,0,0,0,1750,1,1
4144,4,"F1",35500,1179,0,0,2,1250,1100,1500,2000,0,0,1500,2000,2,2,0,0,0,2,1150,0,1,0,0,1750,1,1
